field_id,crop,area_ha,sowing_date,harvest_date,yield_t_ha,stress
2,Cotton,0.1382,2026-04-17,,0.577,Healthy
6,Cotton,0.2626,2026-07-24,,0.571,Tissue Damage
8,Cotton,0.1486,2026-05-11,,0.571,
9,Cotton,0.3606,2026-04-17,,0.59,
10,Cotton,0.2827,2026-04-17,,0.584,
20,Cotton,0.2463,2026-07-16,,0.54,
24,Cotton,0.1621,2026-05-24,,0.588,
25,Cotton,0.1709,2026-04-17,,0.453,Tissue Damage
26,Cotton,0.24,2026-04-17,,0.535,
28,Cotton,0.1608,2026-05-11,,0.55,Healthy
32,Cotton,1.1299,2026-04-17,,0.466,Healthy
36,Cotton,0.3757,2026-07-24,,0.587,Healthy
39,Cotton,0.9467,2026-04-17,,0.43,Healthy
40,Cotton,0.1395,2026-04-17,,0.476,Healthy
41,Cotton,1.3575,2026-04-17,,0.472,Healthy
42,Cotton,0.1671,2026-04-17,,0.439,Tissue Damage
44,Cotton,0.2551,2026-04-17,,0.588,
45,Cotton,0.2086,2026-05-19,,0.539,
52,Cotton,0.1571,2026-04-17,,0.571,
55,Cotton,0.2676,2026-04-17,,0.603,
57,Cotton,0.1244,2026-04-17,,0.483,Healthy
61,Cotton,0.1319,2026-07-09,,0.571,
62,Cotton,0.1143,2026-04-17,,0.599,
63,Cotton,0.4172,2026-04-17,,0.523,Healthy
64,Cotton,0.1583,2026-04-17,,0.545,Tissue Damage
66,Cotton,0.1055,2026-04-25,,0.535,
77,Cotton,0.2123,2026-07-09,,0.545,Healthy
83,Cotton,0.1043,2026-07-24,,0.574,Tissue Damage
89,Cotton,0.147,2026-04-17,,0.585,Tissue Damage
93,Cotton,0.1897,2026-07-11,,0.556,
94,Cotton,0.29,2026-07-29,,0.535,
96,Cotton,0.2789,2026-04-17,,0.557,Healthy
97,Cotton,0.4008,2026-07-06,,0.563,Healthy
100,Cotton,0.2777,2026-04-17,,0.567,
101,Cotton,0.1081,2026-04-17,,0.478,Healthy
109,Cotton,0.8205,2026-04-17,,0.535,Healthy
110,Cotton,0.1759,2026-05-26,,0.535,Tissue Damage
111,Cotton,0.5767,2026-07-09,,0.535,Tissue Damage
114,Cotton,0.1721,2026-07-09,,0.535,Healthy
117,Cotton,0.1721,2026-04-17,,0.521,Tissue Damage
118,Cotton,0.245,2026-04-17,,0.56,
121,Cotton,0.3229,2026-07-15,,0.536,Healthy
122,Cotton,0.1445,2026-04-17,,0.609,
123,Cotton,0.191,2026-07-04,,0.568,
130,Cotton,0.1093,2026-04-17,,0.582,
132,Cotton,0.2815,2026-07-09,,0.579,Healthy
133,Cotton,0.2538,2026-04-17,,0.529,Healthy
134,Cotton,0.1508,2026-04-20,,0.606,Nutrient Deficit
139,Cotton,0.103,2026-04-20,,0.608,Healthy
149,Cotton,0.382,2026-05-11,,0.571,
157,Cotton,0.1269,2026-04-22,,0.571,
159,Cotton,0.1357,2026-04-17,,0.575,
160,Cotton,0.3619,2026-04-17,,0.502,Healthy
161,Cotton,0.3531,2026-04-17,,0.527,Healthy
163,Cotton,0.1445,2026-04-17,,0.582,
164,Cotton,0.3594,2026-07-11,,0.571,Sub-optimal Growth
165,Cotton,0.2538,2026-07-11,,0.59,
166,Cotton,0.2211,2026-07-09,,0.59,
172,Cotton,0.1772,2026-05-14,,0.59,
173,Cotton,0.142,2026-04-17,,0.571,Nutrient Deficit
176,Cotton,0.1407,2026-04-17,,0.571,
177,Cotton,0.2375,2026-04-20,,0.603,
178,Cotton,0.1068,2026-04-17,,0.592,
182,Cotton,0.4561,2026-04-17,,0.535,Tissue Damage
183,Cotton,0.3594,2026-07-09,,0.537,
184,Cotton,0.2123,2026-07-09,,0.535,
192,Cotton,0.2513,2026-07-09,,0.571,
194,Cotton,0.1332,2026-04-17,,0.541,Healthy
197,Cotton,0.1194,2026-04-17,,0.571,
199,Cotton,0.5692,2026-04-17,,0.549,Healthy
200,Cotton,0.1935,2026-07-09,,0.59,
202,Cotton,0.1106,2026-04-17,,0.559,Healthy
203,Cotton,0.2174,2026-04-17,,0.535,
205,Cotton,0.3393,2026-07-06,,0.571,
206,Cotton,0.2362,2026-07-09,,0.59,Healthy
210,Cotton,0.2915,2026-04-17,,0.571,
211,Cotton,0.3895,2026-04-20,,0.592,
213,Cotton,0.1043,2026-04-20,,0.629,
214,Cotton,0.1131,2026-04-17,,0.564,
215,Cotton,0.147,2026-04-17,,0.541,Healthy
216,Cotton,0.392,2026-04-17,,0.533,Healthy
217,Cotton,0.4699,2026-05-11,,0.566,
219,Cotton,0.1458,2026-04-17,,0.546,Healthy
221,Cotton,0.1344,2026-04-26,,0.537,
222,Cotton,0.3933,2026-07-06,,0.576,
224,Cotton,1.5895,2026-04-17,,0.579,Sub-optimal Growth
226,Cotton,0.1319,2026-04-20,,0.611,Healthy
232,Cotton,0.8255,2026-04-17,,0.548,Healthy
236,Cotton,0.2299,2026-04-20,,0.603,Healthy
238,Cotton,0.2098,2026-07-15,,0.578,
240,Cotton,0.2412,2026-04-17,,0.535,
241,Cotton,0.1307,2026-04-17,,0.57,Healthy
242,Cotton,1.0115,2026-07-01,,0.573,Healthy
254,Cotton,0.1282,2026-04-17,,0.602,
257,Cotton,0.1055,2026-07-06,,0.571,
259,Cotton,0.1231,2026-04-20,,0.617,
261,Cotton,0.8092,2026-04-17,,0.577,Healthy
268,Cotton,0.6546,2026-04-17,,0.538,Healthy
274,Cotton,0.1885,2026-04-20,,0.573,
275,Cotton,0.2903,2026-04-17,,0.58,
280,Cotton,0.2651,2026-04-17,,0.59,Healthy
290,Cotton,0.1194,2026-07-24,,0.571,
292,Cotton,0.1897,2026-07-09,,0.535,
295,Cotton,0.1809,2026-07-09,,0.535,
297,Cotton,0.3154,2026-05-15,,0.535,
298,Cotton,0.9449,2026-04-17,,0.6,Healthy
300,Cotton,0.2576,2026-07-15,,0.576,Healthy
302,Cotton,0.2877,2026-05-11,,0.535,
303,Cotton,0.5642,2026-04-17,,0.535,Healthy
305,Cotton,0.1357,2026-05-11,,0.535,Healthy
306,Cotton,0.1088,2026-04-17,,0.596,Healthy
308,Cotton,0.2538,2026-07-09,,0.535,
311,Cotton,0.1334,2026-05-05,,0.551,
312,Cotton,0.5378,2026-04-26,,0.571,Healthy
313,Cotton,0.1219,2026-04-17,,0.571,
318,Cotton,0.3292,2026-05-11,,0.535,
320,Cotton,0.2323,2026-04-25,,0.56,
321,Cotton,0.1948,2026-07-09,,0.559,
323,Cotton,0.1671,2026-07-06,,0.571,
325,Cotton,0.1834,2026-04-17,,0.564,
326,Cotton,0.1269,2026-04-17,,0.551,
330,Cotton,0.622,2026-04-17,,0.61,Healthy
333,Cotton,0.2676,2026-05-14,,0.491,Healthy
338,Cotton,0.2639,2026-05-15,,0.567,Healthy
340,Cotton,0.1571,2026-07-11,,0.559,
341,Cotton,0.103,2026-04-17,,0.574,
342,Cotton,0.2777,2026-07-09,,0.59,Tissue Damage
343,Cotton,0.1533,2026-06-19,,0.535,
344,Cotton,0.24,2026-04-20,,0.602,
348,Cotton,0.284,2026-05-11,,0.535,
353,Cotton,0.2111,2026-07-09,,0.535,
355,Cotton,0.2475,2026-04-17,,0.539,
356,Cotton,0.2098,2026-07-15,,0.59,Healthy
357,Cotton,0.3191,2026-07-09,,0.561,Healthy
362,Cotton,0.3292,2026-07-11,,0.571,
365,Cotton,0.2827,2026-05-21,,0.571,Healthy
367,Cotton,0.2299,2026-04-17,,0.458,Healthy
369,Cotton,0.4247,2026-07-09,,0.559,Healthy
370,Cotton,0.4195,2026-05-11,,0.535,
372,Cotton,0.1106,2026-04-17,,0.475,Healthy
374,Cotton,0.3556,2026-04-17,,0.52,Healthy
379,Cotton,0.142,2026-07-09,,0.59,Healthy
380,Cotton,0.137,2026-07-09,,0.543,Healthy
381,Cotton,0.2827,2026-05-15,,0.59,
382,Cotton,0.1382,2026-07-11,,0.571,Healthy
384,Cotton,0.2513,2026-04-20,,0.619,
385,Cotton,0.676,2026-04-17,,0.53,Healthy
391,Cotton,0.1256,2026-07-09,,0.509,Healthy
392,Cotton,0.2538,2026-04-17,,0.511,Healthy
393,Cotton,0.2023,2026-07-09,,0.56,
396,Cotton,0.2513,2026-04-17,,0.571,Healthy
397,Cotton,0.2802,2026-06-30,,0.571,
398,Cotton,0.1621,2026-07-09,,0.578,Healthy
400,Cotton,0.2639,2026-07-09,,0.538,
403,Cotton,0.1508,2026-07-09,,0.585,Healthy
406,Cotton,0.4398,2026-07-09,,0.588,
407,Cotton,0.196,2026-07-24,,0.553,
408,Cotton,0.2475,2026-05-15,,0.571,
409,Cotton,0.2136,2026-04-17,,0.563,
410,Cotton,0.1646,2026-04-17,,0.535,
411,Cotton,0.7614,2026-07-01,,0.535,Tissue Damage
413,Cotton,0.1395,2026-04-20,,0.616,
414,Cotton,0.1307,2026-07-15,,0.581,
416,Cotton,0.3832,2026-04-22,,0.573,
417,Cotton,0.4787,2026-04-20,,0.631,
419,Cotton,0.5315,2026-04-17,,0.503,Tissue Damage
420,Cotton,0.3393,2026-05-11,,0.531,Healthy
423,Cotton,0.1596,2026-07-09,,0.59,
424,Cotton,0.3945,2026-07-15,,0.59,
426,Cotton,0.1357,2026-07-09,,0.59,
429,Cotton,0.2475,2026-04-17,,0.565,
434,Cotton,0.1294,2026-07-11,,0.589,Healthy
439,Cotton,0.4046,2026-04-17,,0.511,Healthy
440,Cotton,0.3154,2026-07-09,,0.548,
441,Cotton,0.1659,2026-07-09,,0.582,
443,Cotton,1.0065,2026-07-09,,0.563,Nutrient Deficit
445,Cotton,0.8243,2026-07-15,,0.582,Healthy
455,Cotton,0.1571,2026-05-21,,0.582,Healthy
456,Cotton,0.191,2026-05-11,,0.59,
458,Cotton,0.2928,2026-04-20,,0.634,
459,Cotton,0.2149,2026-07-09,,0.575,Healthy
461,Cotton,0.6785,2026-04-17,,0.429,Nutrient Deficit
462,Cotton,0.4963,2026-05-14,,0.59,
463,Cotton,0.1621,2026-07-06,,0.59,
464,Cotton,0.3845,2026-04-20,,0.574,
465,Cotton,0.1131,2026-05-11,,0.524,Healthy
469,Cotton,0.2614,2026-07-24,,0.571,
470,Cotton,0.1231,2026-04-17,,0.641,
472,Cotton,0.4385,2026-05-14,,0.566,
473,Cotton,0.3769,2026-04-17,,0.586,
474,Cotton,0.191,2026-05-15,,0.59,
476,Cotton,0.4209,2026-07-11,,0.571,
479,Cotton,0.3367,2026-05-11,,0.535,
480,Cotton,0.1156,2026-05-14,,0.571,
482,Cotton,0.2563,2026-04-20,,0.647,
483,Cotton,0.4586,2026-07-06,,0.553,
484,Cotton,0.1671,2026-04-17,,0.563,
485,Cotton,0.2463,2026-07-31,,0.566,Healthy
486,Cotton,0.4712,2026-04-17,,0.614,
489,Cotton,0.343,2026-07-04,,0.571,Healthy
493,Cotton,0.2526,2026-05-09,,0.535,
494,Cotton,0.2312,2026-06-27,,0.575,
495,Cotton,0.1545,2026-07-09,,0.585,
498,Cotton,0.2526,2026-04-25,,0.59,Healthy
499,Cotton,0.2325,2026-07-11,,0.568,Healthy
500,Cotton,0.2161,2026-07-09,,0.576,Healthy
501,Cotton,0.2287,2026-05-11,,0.545,Tissue Damage
502,Cotton,0.2438,2026-07-09,,0.535,Tissue Damage
503,Cotton,0.2312,2026-07-11,,0.59,Healthy
505,Cotton,0.4335,2026-06-27,,0.571,Healthy
506,Cotton,0.2337,2026-04-17,,0.632,
510,Cotton,0.1847,2026-04-17,,0.519,Healthy
511,Cotton,0.1432,2026-07-16,,0.571,Nutrient Deficit
512,Cotton,0.2262,2026-07-09,,0.58,
513,Cotton,0.2865,2026-07-09,,0.548,
517,Cotton,0.1055,2026-07-09,,0.571,Healthy
518,Cotton,0.1055,2026-07-09,,0.571,
520,Cotton,0.2048,2026-07-09,,0.59,Healthy
522,Cotton,0.3769,2026-05-09,,0.571,
524,Cotton,0.3857,2026-07-09,,0.56,Healthy
525,Cotton,0.299,2026-04-17,,0.473,Sub-optimal Growth
526,Cotton,0.1043,2026-07-15,,0.589,Healthy
527,Cotton,0.3041,2026-07-09,,0.588,
528,Cotton,0.1621,2026-07-04,,0.59,Healthy
529,Cotton,0.4146,2026-07-16,,0.571,Healthy
530,Cotton,1.793,2026-04-25,,0.535,Tissue Damage
531,Cotton,0.4071,2026-04-17,,0.59,
533,Cotton,0.1018,2026-04-17,,0.628,
534,Cotton,0.5227,2026-04-17,,0.568,Healthy
536,Cotton,0.1508,2026-06-30,,0.501,Healthy
538,Cotton,0.5554,2026-07-09,,0.59,Healthy
539,Cotton,0.3154,2026-07-09,,0.569,
540,Cotton,0.1696,2026-05-26,,0.59,
542,Cotton,0.2852,2026-05-31,,0.571,Healthy
544,Cotton,0.1734,2026-07-09,,0.55,Healthy
546,Cotton,0.3619,2026-07-09,,0.565,Healthy
547,Cotton,0.4985,2026-04-26,,0.581,
549,Cotton,0.1495,2026-04-17,,0.579,Healthy
550,Cotton,0.5453,2026-04-17,,0.651,
551,Cotton,0.3556,2026-07-09,,0.547,
552,Cotton,0.2224,2026-04-17,,0.621,
553,Cotton,0.1068,2026-04-17,,0.619,
554,Cotton,0.2513,2026-07-06,,0.59,Healthy
556,Cotton,0.1106,2026-07-09,,0.544,Healthy
557,Cotton,0.1998,2026-05-03,,0.571,
559,Cotton,0.1445,2026-07-09,,0.558,Healthy
560,Cotton,0.1332,2026-04-17,,0.454,Healthy
561,Cotton,0.343,2026-07-11,,0.578,
564,Cotton,1.4764,2026-04-17,,0.634,Healthy
567,Cotton,0.5164,2026-07-09,,0.571,Tissue Damage
569,Cotton,0.3104,2026-07-09,,0.571,Tissue Damage
570,Cotton,0.1458,2026-05-21,,0.571,
571,Cotton,0.1495,2026-08-03,,0.567,
573,Cotton,0.2149,2026-07-09,,0.519,Healthy
578,Cotton,0.103,2026-05-15,,0.571,
579,Cotton,0.2211,2026-04-17,,0.503,Healthy
580,Cotton,0.2978,2026-07-11,,0.569,
581,Cotton,0.7175,2026-05-26,,0.589,Healthy
583,Cotton,0.1621,2026-05-14,,0.561,Healthy
584,Cotton,0.2563,2026-04-17,,0.612,Healthy
586,Cotton,0.5679,2026-07-15,,0.571,Healthy
587,Cotton,0.1244,2026-07-06,,0.571,
588,Cotton,0.2902,2026-05-11,,0.534,Tissue Damage
590,Cotton,0.5013,2026-04-17,,0.487,Healthy
591,Cotton,0.6107,2026-04-17,,0.634,Healthy
592,Cotton,0.1332,2026-07-16,,0.588,Healthy
593,Cotton,0.142,2026-07-09,,0.536,Healthy
594,Cotton,0.2639,2026-07-09,,0.564,Healthy
595,Cotton,0.2036,2026-05-02,,0.436,Healthy
597,Cotton,0.2086,2026-04-17,,0.499,Healthy
598,Cotton,0.1244,2026-04-17,,0.499,Healthy
600,Cotton,0.6161,2026-07-09,,0.562,Healthy
603,Cotton,0.2727,2026-04-20,,0.638,Healthy
604,Cotton,0.4134,2026-04-20,,0.636,Healthy
605,Cotton,0.1169,2026-07-09,,0.565,Healthy
606,Cotton,0.1483,2026-05-03,,0.59,
607,Cotton,0.1583,2026-05-14,,0.559,Healthy
610,Cotton,0.2375,2026-05-03,,0.41,Healthy
612,Cotton,0.137,2026-07-09,,0.59,Tissue Damage
614,Cotton,0.2362,2026-06-27,,0.567,
615,Cotton,0.1357,2026-04-26,,0.608,
618,Cotton,0.1483,2026-05-26,,0.571,
619,Cotton,0.3845,2026-04-17,,0.628,
620,Cotton,0.1432,2026-04-17,,0.646,
622,Cotton,0.24,2026-04-17,,0.643,
623,Cotton,0.1432,2026-07-15,,0.59,Healthy
625,Cotton,0.4121,2026-04-17,,0.418,Tissue Damage
626,Cotton,0.1282,2026-04-17,,0.59,Healthy
627,Cotton,0.1357,2026-06-27,,0.571,
628,Cotton,0.3845,2026-06-27,,0.571,
630,Cotton,0.1219,2026-07-16,,0.577,
631,Cotton,0.2425,2026-04-17,,0.432,Healthy
632,Cotton,0.5064,2026-04-17,,0.556,Healthy
633,Cotton,0.3367,2026-07-09,,0.514,Healthy
635,Cotton,0.5189,2026-05-26,,0.571,Healthy
637,Cotton,0.2299,2026-07-06,,0.536,Healthy
638,Cotton,0.8293,2026-04-17,,0.58,Nutrient Deficit
640,Cotton,0.2412,2026-05-05,,0.587,
641,Cotton,0.2375,2026-04-17,,0.535,
642,Cotton,0.485,2026-07-11,,0.59,Healthy
643,Cotton,0.1558,2026-07-30,,0.571,Healthy
644,Cotton,0.2136,2026-04-17,,0.571,
647,Cotton,0.1458,2026-04-17,,0.589,
648,Cotton,0.4473,2026-04-17,,0.645,
649,Cotton,0.2588,2026-07-09,,0.59,Healthy
650,Cotton,0.4963,2026-04-17,,0.642,
654,Cotton,0.1822,2026-05-19,,0.59,Healthy
655,Cotton,0.2161,2026-07-11,,0.535,Healthy
656,Cotton,0.2601,2026-04-17,,0.593,
657,Cotton,0.1935,2026-07-16,,0.571,
658,Cotton,0.1608,2026-07-11,,0.525,Healthy
659,Cotton,0.1596,2026-07-15,,0.561,Healthy
660,Cotton,0.2149,2026-05-11,,0.571,
663,Cotton,0.1508,2026-05-11,,0.588,Healthy
666,Cotton,0.1407,2026-05-19,,0.535,
667,Cotton,0.1206,2026-05-18,,0.588,Healthy
668,Cotton,0.201,2026-04-17,,0.612,Healthy
670,Cotton,0.3041,2026-04-17,,0.571,Healthy
671,Cotton,0.1747,2026-04-17,,0.571,
672,Cotton,0.2161,2026-04-20,,0.613,
673,Cotton,0.1797,2026-05-09,,0.527,Healthy
674,Cotton,0.3154,2026-07-09,,0.52,Healthy
675,Cotton,0.2438,2026-05-11,,0.535,Healthy
676,Cotton,0.2588,2026-04-20,,0.546,
677,Cotton,0.1684,2026-07-09,,0.535,Tissue Damage
678,Cotton,0.2098,2026-07-09,,0.571,Tissue Damage
679,Cotton,0.1357,2026-04-20,,0.622,
680,Cotton,0.1118,2026-07-30,,0.552,
681,Cotton,0.2224,2026-07-11,,0.59,Healthy
687,Cotton,0.1143,2026-07-09,,0.539,Healthy
689,Cotton,0.1068,2026-06-27,,0.571,
692,Cotton,0.1231,2026-06-27,,0.571,
696,Cotton,0.4134,2026-05-06,,0.535,
698,Cotton,0.2651,2026-05-03,,0.588,
699,Cotton,0.1432,2026-04-23,,0.491,Tissue Damage
702,Cotton,0.3832,2026-07-09,,0.564,
704,Cotton,1.6146,2026-07-24,,0.571,
705,Cotton,0.1194,2026-04-20,,0.638,Healthy
706,Cotton,0.3116,2026-04-17,,0.632,
707,Cotton,0.1357,2026-07-16,,0.587,
709,Cotton,0.4197,2026-04-26,,0.571,
710,Cotton,0.1495,2026-07-09,,0.496,Healthy
711,Cotton,0.1407,2026-07-11,,0.571,
712,Cotton,0.1596,2026-04-25,,0.59,
717,Cotton,0.3468,2026-04-17,,0.434,Healthy
719,Cotton,0.1081,2026-04-17,,0.613,Healthy
724,Cotton,0.1043,2026-05-03,,0.502,Healthy
725,Cotton,0.1219,2026-07-11,,0.559,
726,Cotton,0.4498,2026-06-27,,0.56,Healthy
727,Cotton,0.2098,2026-04-20,,0.642,Healthy
728,Cotton,0.1068,2026-07-24,,0.571,Healthy
730,Cotton,0.1797,2026-04-17,,0.488,Crop Water Deficit
731,Cotton,0.1043,2026-07-11,,0.59,Healthy
732,Cotton,0.4775,2026-04-17,,0.627,
733,Cotton,0.2764,2026-07-16,,0.571,Healthy
734,Cotton,0.2211,2026-04-20,,0.61,Healthy
737,Cotton,0.1382,2026-05-13,,0.572,
741,Cotton,0.1759,2026-04-20,,0.535,Healthy
742,Cotton,0.1998,2026-04-17,,0.59,
743,Cotton,0.1169,2026-04-17,,0.583,Healthy
755,Cotton,0.441,2026-07-09,,0.535,
757,Cotton,0.2626,2026-04-23,,0.58,
758,Cotton,0.2023,2026-07-11,,0.559,Healthy
759,Cotton,0.1445,2026-07-11,,0.571,
761,Cotton,0.1759,2026-07-11,,0.571,
763,Cotton,0.2299,2026-04-17,,0.463,Healthy
765,Cotton,0.2211,2026-07-09,,0.571,
766,Cotton,0.3405,2026-07-15,,0.56,
770,Cotton,0.2676,2026-04-17,,0.535,
771,Cotton,0.1633,2026-07-15,,0.571,Healthy
774,Cotton,0.2199,2026-04-17,,0.428,Tissue Damage
775,Cotton,0.3518,2026-07-09,,0.59,Healthy
777,Cotton,0.1684,2026-04-17,,0.626,Healthy
781,Cotton,1.6121,2026-04-17,,0.543,Healthy
782,Cotton,0.1407,2026-07-09,,0.573,Healthy
784,Cotton,0.2161,2026-07-09,,0.583,Healthy
788,Cotton,0.1269,2026-07-09,,0.571,
789,Cotton,0.2626,2026-07-01,,0.571,
790,Cotton,0.1495,2026-04-22,,0.601,Healthy
791,Cotton,0.1081,2026-05-31,,0.571,
792,Cotton,0.1307,2026-05-26,,0.535,
798,Cotton,0.3129,2026-07-04,,0.59,Healthy
801,Cotton,0.1068,2026-05-26,,0.571,Healthy
803,Cotton,0.2249,2026-07-11,,0.59,Healthy
808,Cotton,0.2877,2026-07-06,,0.59,Healthy
809,Cotton,0.2513,2026-07-11,,0.557,Healthy
810,Cotton,0.1671,2026-05-15,,0.564,
812,Cotton,0.24,2026-05-19,,0.535,Healthy
814,Cotton,0.5943,2026-04-17,,0.536,Tissue Damage
816,Cotton,0.1344,2026-04-20,,0.571,
817,Cotton,0.1571,2026-07-15,,0.58,Healthy
818,Cotton,0.147,2026-04-17,,0.576,
819,Cotton,0.3091,2026-05-19,,0.562,
820,Cotton,0.2111,2026-04-17,,0.535,
821,Cotton,0.3782,2026-04-22,,0.571,Healthy
822,Cotton,0.1985,2026-05-15,,0.535,
823,Cotton,0.2312,2026-05-15,,0.522,Healthy
824,Cotton,0.588,2026-04-20,,0.629,Tissue Damage
826,Cotton,0.2714,2026-04-26,,0.484,Healthy
827,Cotton,0.191,2026-04-17,,0.487,Tissue Damage
828,Cotton,0.1445,2026-07-01,,0.573,
830,Cotton,0.8745,2026-04-17,,0.613,Healthy
831,Cotton,0.1985,2026-07-06,,0.575,Healthy
832,Cotton,0.1445,2026-07-11,,0.59,Healthy
833,Cotton,0.3154,2026-04-20,,0.479,Tissue Damage
834,Cotton,0.3543,2026-04-20,,0.571,Healthy
835,Cotton,0.1181,2026-07-06,,0.59,
836,Cotton,0.2098,2026-07-11,,0.589,
839,Cotton,1.0592,2026-04-20,,0.607,Healthy
840,Cotton,0.25,2026-07-04,,0.59,Healthy
841,Cotton,0.3958,2026-04-17,,0.571,
844,Cotton,0.2488,2026-04-17,,0.469,Crop Water Deficit
847,Cotton,0.1922,2026-07-09,,0.59,
849,Cotton,0.2588,2026-07-09,,0.553,Healthy
852,Cotton,0.142,2026-07-09,,0.59,Tissue Damage
853,Cotton,0.3719,2026-05-05,,0.535,
854,Cotton,0.1081,2026-05-11,,0.477,Healthy
857,Cotton,0.2362,2026-06-27,,0.571,Healthy
858,Cotton,0.2061,2026-04-17,,0.477,Healthy
859,Cotton,0.1545,2026-04-22,,0.63,Healthy
860,Cotton,0.2802,2026-07-16,,0.571,Healthy
863,Cotton,0.6069,2026-05-11,,0.566,Healthy
865,Cotton,0.1344,2026-05-15,,0.571,
866,Cotton,0.1483,2026-07-09,,0.576,Tissue Damage
870,Cotton,0.1671,2026-04-17,,0.635,
871,Cotton,0.1809,2026-07-09,,0.543,Healthy
872,Cotton,0.2387,2026-07-09,,0.59,Tissue Damage
873,Cotton,0.1847,2026-04-17,,0.587,
876,Cotton,0.4423,2026-07-24,,0.571,Healthy
880,Cotton,0.2337,2026-05-19,,0.59,Healthy
882,Cotton,0.1194,2026-04-17,,0.565,Healthy
883,Cotton,0.1344,2026-04-17,,0.535,
885,Cotton,0.5981,2026-07-09,,0.564,Tissue Damage
886,Cotton,0.2538,2026-04-17,,0.571,
889,Cotton,0.1244,2026-07-09,,0.59,
890,Cotton,0.1596,2026-04-17,,0.59,
892,Cotton,0.4448,2026-04-17,,0.622,
893,Cotton,0.25,2026-07-09,,0.542,Tissue Damage
894,Cotton,0.3682,2026-04-17,,0.523,Healthy
896,Cotton,0.2312,2026-07-09,,0.59,Healthy
898,Cotton,1.2917,2026-05-11,,0.535,Tissue Damage
901,Cotton,0.1332,2026-04-17,,0.605,
902,Cotton,0.2274,2026-04-17,,0.545,
903,Cotton,0.539,2026-07-09,,0.59,Nutrient Deficit
909,Cotton,0.186,2026-05-11,,0.579,Healthy
911,Cotton,0.387,2026-07-09,,0.59,Healthy
912,Cotton,0.2915,2026-04-17,,0.641,Healthy
913,Cotton,0.2965,2026-05-03,,0.568,Healthy
916,Cotton,0.6446,2026-04-17,,0.544,Nutrient Deficit
917,Cotton,0.3229,2026-04-20,,0.588,Healthy
918,Cotton,0.8192,2026-04-22,,0.597,Tissue Damage
920,Cotton,0.2412,2026-07-09,,0.575,Healthy
924,Cotton,0.4058,2026-04-17,,0.44,Healthy
925,Cotton,1.0718,2026-05-19,,0.516,Tissue Damage
926,Cotton,0.1307,2026-04-17,,0.428,Healthy
929,Cotton,0.2827,2026-05-03,,0.535,Nutrient Deficit
930,Cotton,0.3619,2026-07-09,,0.56,
934,Cotton,0.1784,2026-05-12,,0.571,Healthy
935,Cotton,0.5755,2026-04-17,,0.518,Sub-optimal Growth
938,Cotton,0.3116,2026-07-15,,0.561,Healthy
939,Cotton,0.2752,2026-07-16,,0.571,Tissue Damage
940,Cotton,0.3355,2026-04-17,,0.627,
941,Cotton,0.5013,2026-04-17,,0.575,Healthy
942,Cotton,0.2262,2026-05-23,,0.535,
943,Cotton,0.1646,2026-07-11,,0.571,Healthy
944,Cotton,0.529,2026-04-17,,0.446,Tissue Damage
946,Cotton,0.4109,2026-04-17,,0.591,
948,Cotton,0.2211,2026-07-15,,0.568,Healthy
949,Cotton,0.186,2026-07-11,,0.559,Healthy
953,Cotton,0.2086,2026-04-17,,0.571,Healthy
958,Cotton,0.1269,2026-05-19,,0.535,
959,Cotton,0.1734,2026-07-09,,0.551,Healthy
960,Cotton,0.1282,2026-07-09,,0.535,Healthy
962,Cotton,0.24,2026-05-11,,0.571,
964,Cotton,0.294,2026-07-09,,0.538,Healthy
965,Cotton,0.1282,2026-05-31,,0.563,
967,Cotton,0.1784,2026-04-26,,0.57,
973,Cotton,0.2588,2026-07-09,,0.535,Healthy
974,Cotton,0.1055,2026-05-11,,0.568,
977,Cotton,0.1269,2026-05-09,,0.569,Tissue Damage
978,Cotton,0.2488,2026-04-17,,0.495,Healthy
981,Cotton,1.014,2026-07-16,,0.571,Nutrient Deficit
982,Cotton,0.2915,2026-04-17,,0.616,
984,Cotton,0.1018,2026-07-01,,0.571,Healthy
986,Cotton,0.338,2026-04-17,,0.571,
987,Cotton,0.2551,2026-05-04,,0.429,Healthy
988,Cotton,0.1055,2026-04-17,,0.461,Tissue Damage
989,Cotton,0.1659,2026-07-09,,0.579,Healthy
990,Cotton,0.3003,2026-04-17,,0.649,Healthy
991,Cotton,0.8368,2026-04-22,,0.637,Tissue Damage
993,Cotton,0.1872,2026-05-14,,0.429,Healthy
994,Cotton,0.3568,2026-04-17,,0.581,Tissue Damage
995,Cotton,0.2237,2026-04-17,,0.442,Healthy
997,Cotton,0.103,2026-05-11,,0.535,Healthy
998,Cotton,0.1382,2026-04-20,,0.535,
1000,Cotton,0.3581,2026-07-11,,0.571,Healthy
1014,Cotton,0.1483,2026-07-11,,0.554,Healthy
1016,Cotton,0.5428,2026-04-17,,0.549,Healthy
1018,Cotton,0.1495,2026-04-23,,0.491,Sub-optimal Growth
1022,Cotton,0.2237,2026-04-17,,0.595,
1024,Cotton,0.3405,2026-04-17,,0.584,
1028,Cotton,0.3468,2026-07-09,,0.535,
1030,Cotton,0.245,2026-07-12,,0.54,
1031,Cotton,0.6383,2026-04-17,,0.546,Healthy
1034,Cotton,0.1432,2026-07-09,,0.538,Healthy
1035,Cotton,0.1319,2026-07-09,,0.552,
1038,Cotton,0.7941,2026-04-17,,0.591,Nutrient Deficit
1042,Cotton,0.1231,2026-07-24,,0.571,
1043,Cotton,0.1985,2026-04-17,,0.595,
1050,Cotton,0.4222,2026-05-09,,0.546,Tissue Damage
1051,Cotton,0.2689,2026-07-09,,0.535,Healthy
1052,Cotton,0.1357,2026-05-15,,0.571,
1053,Cotton,0.24,2026-07-15,,0.571,Nutrient Deficit
1057,Cotton,0.5428,2026-07-15,,0.565,Healthy
1058,Cotton,0.1495,2026-04-17,,0.564,
1062,Cotton,0.152,2026-07-11,,0.571,Sub-optimal Growth
1064,Cotton,0.3493,2026-05-11,,0.459,Healthy
1065,Cotton,0.2689,2026-07-04,,0.571,
1068,Cotton,0.1608,2026-05-11,,0.535,Nutrient Deficit
1071,Cotton,0.1747,2026-07-09,,0.535,
1073,Cotton,0.1583,2026-04-17,,0.615,Healthy
1076,Cotton,0.348,2026-04-17,,0.597,
1077,Cotton,0.676,2026-04-20,,0.56,Healthy
1078,Cotton,0.1659,2026-04-17,,0.443,Healthy
1079,Cotton,0.1759,2026-04-17,,0.524,Healthy
1084,Cotton,0.2752,2026-07-09,,0.571,
1085,Cotton,0.2161,2026-07-09,,0.54,Healthy
1086,Cotton,0.3016,2026-04-17,,0.56,Tissue Damage
1087,Cotton,0.2412,2026-04-17,,0.571,
1091,Cotton,0.539,2026-05-11,,0.542,Sub-optimal Growth
1093,Cotton,0.4209,2026-07-09,,0.548,Tissue Damage
1097,Cotton,0.1596,2026-07-09,,0.557,Healthy
1099,Cotton,0.2852,2026-04-17,,0.501,Nutrient Deficit
1101,Cotton,0.284,2026-05-11,,0.54,
1103,Cotton,0.1407,2026-07-09,,0.559,Healthy
1104,Cotton,0.4724,2026-04-17,,0.544,
1105,Cotton,0.235,2026-04-17,,0.565,
1106,Cotton,0.3016,2026-07-15,,0.59,
1107,Cotton,0.1269,2026-05-14,,0.571,
1108,Cotton,0.2513,2026-04-17,,0.49,Healthy
1118,Cotton,0.1885,2026-07-09,,0.535,Healthy
1120,Cotton,0.4172,2026-07-09,,0.547,
1121,Cotton,0.1169,2026-04-20,,0.609,
1122,Cotton,0.2086,2026-07-06,,0.587,
1124,Cotton,0.3166,2026-06-04,,0.571,
1127,Cotton,0.3845,2026-07-09,,0.571,
1129,Cotton,0.1583,2026-04-20,,0.5,Healthy
1130,Cotton,0.3568,2026-07-09,,0.571,Healthy
1132,Cotton,0.4699,2026-07-11,,0.563,Healthy
1133,Cotton,0.4886,2026-07-09,,0.59,
1134,Cotton,0.1822,2026-04-17,,0.59,
1135,Cotton,0.2136,2026-07-09,,0.59,
1136,Cotton,0.2211,2026-05-11,,0.585,
1137,Cotton,0.1093,2026-07-09,,0.557,Healthy
1138,Cotton,0.2199,2026-07-21,,0.571,Healthy
1139,Cotton,0.3443,2026-04-17,,0.566,Tissue Damage
1140,Cotton,0.387,2026-04-17,,0.485,Healthy
1141,Cotton,0.2551,2026-04-17,,0.47,Healthy
1143,Cotton,0.2149,2026-04-17,,0.571,
1147,Cotton,0.3242,2026-05-11,,0.55,Nutrient Deficit
1156,Cotton,0.6421,2026-04-17,,0.544,Healthy
1158,Cotton,0.1256,2026-07-24,,0.571,
1159,Cotton,0.1495,2026-04-20,,0.556,Healthy
1161,Cotton,0.1256,2026-07-16,,0.559,Healthy
1163,Cotton,0.3656,2026-07-15,,0.574,
1164,Cotton,0.1005,2026-07-09,,0.545,
1165,Cotton,0.1922,2026-04-17,,0.571,
1166,Cotton,0.4398,2026-05-03,,0.551,Healthy
1168,Cotton,0.2727,2026-04-17,,0.624,
1169,Cotton,0.2418,2026-04-17,,0.582,Healthy
1174,Cotton,0.2362,2026-04-17,,0.559,
1175,Cotton,0.196,2026-07-09,,0.549,Healthy
1176,Cotton,0.1558,2026-05-14,,0.571,
1178,Cotton,0.48,2026-07-11,,0.563,Healthy
1180,Cotton,0.333,2026-05-12,,0.562,Healthy
1181,Cotton,0.1282,2026-04-17,,0.594,Healthy
1187,Cotton,0.1533,2026-07-16,,0.571,Healthy
1188,Cotton,0.3656,2026-07-09,,0.59,
1189,Cotton,0.1219,2026-04-17,,0.61,Healthy
1190,Cotton,0.6923,2026-07-09,,0.535,Healthy
1191,Cotton,0.4699,2026-05-26,,0.535,Healthy
1193,Cotton,0.1055,2026-06-04,,0.561,
1194,Cotton,0.1633,2026-05-14,,0.56,Tissue Damage
1195,Cotton,0.152,2026-05-26,,0.583,Healthy
1197,Cotton,0.2073,2026-04-17,,0.571,
1201,Cotton,0.3066,2026-07-09,,0.514,Healthy
1203,Cotton,0.2425,2026-04-17,,0.535,
1205,Cotton,0.3732,2026-04-30,,0.571,Healthy
1208,Cotton,0.6973,2026-04-17,,0.528,Nutrient Deficit
1209,Cotton,0.1131,2026-04-20,,0.575,
1211,Cotton,0.1721,2026-07-09,,0.59,
1217,Cotton,0.2601,2026-04-17,,0.571,
1219,Cotton,0.3204,2026-07-09,,0.553,Tissue Damage
1220,Cotton,0.2086,2026-04-17,,0.542,
1225,Cotton,0.1307,2026-04-17,,0.585,
1230,Cotton,0.2978,2026-04-17,,0.571,
1232,Cotton,0.5441,2026-04-17,,0.524,Tissue Damage
1233,Cotton,0.2274,2026-04-17,,0.644,
1237,Cotton,0.2324,2026-04-17,,0.56,
1240,Cotton,0.1847,2026-04-25,,0.533,Healthy
1241,Cotton,0.1055,2026-04-17,,0.599,
1242,Cotton,0.1558,2026-07-09,,0.531,Healthy
1243,Cotton,0.284,2026-05-15,,0.543,Tissue Damage
1245,Cotton,0.1822,2026-05-11,,0.575,
1249,Cotton,0.1319,2026-06-04,,0.571,Healthy
1252,Cotton,0.1885,2026-07-09,,0.542,
1253,Cotton,0.2036,2026-04-17,,0.571,
1256,Cotton,0.2601,2026-07-09,,0.514,Nutrient Deficit
1257,Cotton,0.2048,2026-07-09,,0.59,Healthy
1263,Cotton,0.2739,2026-06-22,,0.571,
1265,Cotton,0.578,2026-07-06,,0.535,
1269,Cotton,0.392,2026-06-27,,0.571,
1271,Cotton,0.2123,2026-07-09,,0.59,
1272,Cotton,0.1307,2026-05-03,,0.535,
1273,Cotton,0.1558,2026-04-17,,0.559,Healthy
1274,Cotton,0.1659,2026-07-09,,0.551,Healthy
1275,Cotton,0.5653,2026-04-17,,0.595,Crop Water Deficit
1280,Cotton,0.137,2026-05-26,,0.563,
1283,Cotton,0.2249,2026-04-17,,0.593,Healthy
1284,Cotton,0.8808,2026-07-04,,0.554,Healthy
1289,Cotton,0.1445,2026-04-20,,0.518,Healthy
1293,Cotton,0.1256,2026-04-25,,0.535,
1296,Cotton,0.2123,2026-04-17,,0.509,Healthy
1297,Cotton,0.1885,2026-05-11,,0.519,Crop Water Deficit
1298,Cotton,0.2893,2026-07-04,,0.571,
1299,Cotton,0.1659,2026-04-17,,0.56,
1301,Cotton,0.1885,2026-07-09,,0.59,Healthy
1307,Cotton,0.3204,2026-04-17,,0.576,
1308,Cotton,0.5114,2026-07-16,,0.581,
1309,Cotton,0.1106,2026-07-09,,0.535,
1311,Cotton,0.1043,2026-05-11,,0.56,
1319,Cotton,0.1087,2026-07-09,,0.58,
1320,Cotton,0.2551,2026-04-17,,0.435,Healthy
1321,Cotton,0.5767,2026-04-26,,0.567,Tissue Damage
1322,Cotton,0.1696,2026-05-15,,0.571,
1323,Cotton,0.348,2026-04-20,,0.622,
1324,Cotton,0.3443,2026-04-17,,0.547,Healthy
1325,Cotton,0.431,2026-06-27,,0.571,
1327,Cotton,0.2111,2026-04-17,,0.59,Healthy
1331,Cotton,0.6458,2026-08-07,,0.535,Healthy
1333,Cotton,0.1347,2026-04-20,,0.596,
1334,Cotton,0.3757,2026-05-11,,0.571,
1335,Cotton,0.3242,2026-07-09,,0.572,
1336,Cotton,0.2073,2026-04-20,,0.62,
1338,Cotton,0.8406,2026-07-31,,0.535,Healthy
1339,Cotton,0.2815,2026-05-15,,0.535,
1340,Cotton,0.2337,2026-04-26,,0.637,Healthy
1341,Cotton,0.186,2026-04-17,,0.535,
1343,Cotton,0.333,2026-04-20,,0.65,
1345,Cotton,0.1777,2026-07-15,,0.571,
1348,Cotton,0.3908,2026-04-17,,0.543,
1352,Cotton,0.387,2026-04-26,,0.636,
1354,Cotton,0.1759,2026-05-11,,0.535,
1355,Cotton,0.4297,2026-07-24,,0.571,Healthy
1356,Cotton,0.2915,2026-05-17,,0.571,
1358,Cotton,0.2362,2026-07-01,,0.535,Healthy
1359,Cotton,0.1445,2026-04-22,,0.645,Healthy
1360,Cotton,0.1689,2026-07-06,,0.572,Healthy
1361,Cotton,0.1633,2026-07-16,,0.59,
1362,Cotton,0.4172,2026-04-17,,0.581,
1364,Cotton,0.2676,2026-05-26,,0.565,Healthy
1366,Cotton,0.24,2026-05-06,,0.509,Nutrient Deficit
1367,Cotton,0.2902,2026-04-17,,0.476,Healthy
1369,Cotton,0.2299,2026-04-17,,0.477,Healthy
1370,Cotton,0.186,2026-04-17,,0.635,Healthy
1371,Cotton,0.1985,2026-05-11,,0.59,
1374,Cotton,0.2752,2026-04-17,,0.474,Healthy
1375,Cotton,0.1106,2026-04-17,,0.579,Healthy
1376,Cotton,0.1269,2026-07-16,,0.535,Healthy
1377,Cotton,0.4461,2026-05-05,,0.535,
1382,Cotton,0.1269,2026-05-26,,0.535,
1384,Cotton,0.2123,2026-04-19,,0.528,Healthy
1385,Cotton,0.3028,2026-04-20,,0.64,
1387,Cotton,0.1747,2026-07-06,,0.582,
1388,Cotton,0.4511,2026-07-09,,0.559,Healthy
1391,Cotton,0.3129,2026-04-17,,0.652,
1392,Cotton,0.1106,2026-07-09,,0.586,
1395,Cotton,0.3933,2026-04-17,,0.587,
1397,Cotton,0.3468,2026-04-17,,0.644,Healthy
1400,Cotton,0.1646,2026-07-24,,0.59,
1401,Cotton,0.2362,2026-05-19,,0.561,Healthy
1402,Cotton,0.1307,2026-07-06,,0.571,
1403,Cotton,0.1432,2026-04-17,,0.652,
1404,Cotton,0.2287,2026-05-11,,0.535,Healthy
1405,Cotton,0.7778,2026-07-06,,0.571,Healthy
1408,Cotton,0.1483,2026-07-16,,0.571,Healthy
1410,Cotton,0.3815,2026-04-17,,0.648,Healthy
1411,Cotton,0.1583,2026-04-17,,0.606,Healthy
1412,Cotton,0.2463,2026-04-17,,0.609,
1415,Cotton,0.1797,2026-07-30,,0.535,
1420,Cotton,0.3933,2026-04-17,,0.59,
1421,Cotton,0.1407,2026-05-15,,0.571,
1422,Cotton,0.1985,2026-04-17,,0.506,Healthy
1424,Cotton,0.2588,2026-05-26,,0.535,Healthy
1428,Cotton,0.3908,2026-07-09,,0.576,Healthy
1430,Cotton,0.137,2026-04-17,,0.561,
1433,Cotton,0.1558,2026-04-17,,0.626,
1434,Cotton,0.2613,2026-04-17,,0.571,
1435,Cotton,0.4586,2026-07-24,,0.571,Healthy
1437,Cotton,0.1131,2026-04-17,,0.653,
1440,Cotton,0.2526,2026-05-05,,0.548,Healthy
1442,Cotton,0.431,2026-04-17,,0.571,
1443,Cotton,0.2965,2026-07-30,,0.535,Healthy
1448,Cotton,0.4373,2026-05-15,,0.571,
1452,Cotton,0.2149,2026-04-17,,0.651,
1455,Cotton,0.485,2026-04-17,,0.59,
1461,Cotton,0.1219,2026-05-26,,0.535,
1464,Cotton,0.3443,2026-07-06,,0.59,
1466,Cotton,0.4649,2026-04-22,,0.562,
1468,Cotton,0.2023,2026-07-06,,0.571,
1469,Cotton,0.1131,2026-04-17,,0.645,
1472,Cotton,0.2123,2026-05-26,,0.538,Healthy
1473,Cotton,0.1671,2026-04-17,,0.571,
1474,Cotton,0.1143,2026-05-26,,0.535,Healthy
1475,Cotton,0.441,2026-04-20,,0.563,
1477,Cotton,0.4222,2026-08-07,,0.575,
1478,Cotton,0.1181,2026-05-04,,0.571,
1480,Cotton,0.1772,2026-04-17,,0.541,
1486,Cotton,0.2149,2026-04-17,,0.615,
1491,Cotton,0.245,2026-04-17,,0.618,Nutrient Deficit
1493,Cotton,0.5026,2026-04-17,,0.646,
1494,Cotton,0.1545,2026-07-16,,0.571,
1497,Cotton,0.382,2026-04-20,,0.59,
1499,Cotton,0.1269,2026-04-19,,0.504,Healthy
1502,Cotton,0.3468,2026-04-26,,0.571,
1504,Cotton,0.1633,2026-06-04,,0.571,
1506,Cotton,0.2563,2026-06-27,,0.571,Healthy
1507,Cotton,0.397,2026-04-17,,0.59,
1508,Cotton,0.6144,2026-04-20,,0.638,Healthy
1511,Cotton,0.1282,2026-04-17,,0.586,
1512,Cotton,0.3933,2026-07-24,,0.571,
1513,Cotton,0.1194,2026-04-17,,0.625,
1515,Cotton,0.1219,2026-05-14,,0.413,Healthy
1522,Cotton,0.6948,2026-07-09,,0.571,
1526,Cotton,0.3455,2026-05-26,,0.535,Healthy
1531,Cotton,0.2915,2026-05-15,,0.535,
1532,Cotton,0.382,2026-04-17,,0.571,
1533,Cotton,0.1194,2026-04-17,,0.468,Healthy
1537,Cotton,0.446,2026-07-15,,0.571,
1539,Cotton,0.1646,2026-05-14,,0.571,
1540,Cotton,0.1508,2026-05-11,,0.571,
1542,Cotton,0.289,2026-07-09,,0.56,
1543,Cotton,0.6282,2026-04-22,,0.631,Healthy
1544,Cotton,0.1169,2026-04-17,,0.62,
1545,Cotton,0.1256,2026-05-26,,0.558,
1551,Cotton,0.6835,2026-07-09,,0.571,Healthy
1552,Cotton,0.1131,2026-04-17,,0.647,
1556,Cotton,0.1973,2026-04-17,,0.629,
1558,Cotton,0.5365,2026-04-17,,0.535,
1562,Cotton,0.8758,2026-04-17,,0.426,Nutrient Deficit
1564,Cotton,0.2324,2026-07-06,,0.565,
1565,Cotton,0.4523,2026-04-17,,0.572,Healthy
1569,Cotton,0.4172,2026-04-26,,0.631,Healthy
1571,Cotton,0.201,2026-04-17,,0.64,
1572,Cotton,0.5981,2026-04-26,,0.621,
1575,Cotton,0.3418,2026-04-17,,0.561,Healthy
1578,Cotton,0.3229,2026-05-12,,0.59,
1579,Cotton,0.1395,2026-04-17,,0.527,Healthy
1582,Cotton,0.186,2026-07-09,,0.561,
1585,Cotton,0.1156,2026-05-11,,0.565,Healthy
1589,Cotton,0.24,2026-05-26,,0.583,Healthy
1590,Cotton,0.1407,2026-04-17,,0.51,Healthy
1591,Cotton,0.245,2026-07-24,,0.535,
1594,Cotton,0.2023,2026-05-11,,0.571,
1597,Cotton,0.235,2026-04-17,,0.596,
1600,Cotton,0.186,2026-07-09,,0.571,
1601,Cotton,0.3732,2026-04-26,,0.625,
1604,Cotton,0.2463,2026-07-06,,0.584,
1608,Cotton,0.1822,2026-04-17,,0.65,
1609,Cotton,0.1382,2026-05-26,,0.535,
1613,Cotton,0.48,2026-04-20,,0.648,
1616,Cotton,0.3832,2026-04-17,,0.571,
1620,Cotton,0.2337,2026-04-17,,0.608,Healthy
1621,Cotton,0.5202,2026-04-17,,0.51,Sub-optimal Growth
1622,Cotton,0.1432,2026-04-26,,0.571,
1624,Cotton,0.2626,2026-07-16,,0.562,
1626,Cotton,0.3053,2026-07-16,,0.571,Healthy
1631,Cotton,0.3179,2026-04-17,,0.598,
1632,Cotton,0.7778,2026-05-21,,0.571,Healthy
1634,Cotton,0.1294,2026-07-01,,0.562,
1636,Cotton,0.1294,2026-05-15,,0.572,
1638,Cotton,0.436,2026-05-26,,0.571,
1641,Cotton,0.4762,2026-04-20,,0.556,
1642,Cotton,0.1922,2026-04-20,,0.571,
1644,Cotton,0.1508,2026-05-23,,0.545,
1645,Cotton,0.1659,2026-07-03,,0.588,
1647,Cotton,0.1558,2026-06-24,,0.561,Tissue Damage
1648,Cotton,0.1596,2026-05-11,,0.571,
1649,Cotton,0.3606,2026-04-17,,0.555,Healthy
1652,Cotton,0.387,2026-07-16,,0.571,
1656,Cotton,0.2098,2026-04-20,,0.582,
1657,Cotton,0.3606,2026-05-26,,0.571,Healthy
1658,Cotton,0.1055,2026-04-17,,0.651,Healthy
1662,Cotton,0.1847,2026-04-17,,0.611,
1664,Cotton,0.4963,2026-05-11,,0.535,
1668,Cotton,0.3719,2026-04-20,,0.628,
1670,Cotton,0.2551,2026-05-03,,0.59,
1674,Cotton,0.4021,2026-04-17,,0.648,
1676,Cotton,0.3945,2026-05-21,,0.562,Healthy
1680,Cotton,0.2676,2026-05-19,,0.535,
1683,Cotton,0.2224,2026-04-26,,0.605,
1690,Cotton,0.2123,2026-07-09,,0.571,Sub-optimal Growth
1691,Cotton,0.1596,2026-07-09,,0.59,
1696,Cotton,0.2915,2026-04-25,,0.571,
1697,Cotton,0.2061,2026-05-11,,0.535,
1699,Cotton,0.1005,2026-05-15,,0.528,Tissue Damage
1701,Cotton,0.1282,2026-04-17,,0.546,Healthy
1703,Cotton,0.3455,2026-07-04,,0.571,
1705,Cotton,0.289,2026-04-20,,0.532,Tissue Damage
1706,Cotton,0.1269,2026-05-11,,0.535,
1708,Cotton,0.3066,2026-07-09,,0.59,Healthy
1710,Cotton,0.2237,2026-05-21,,0.571,
1712,Cotton,0.1382,2026-05-21,,0.571,Nutrient Deficit
1713,Cotton,0.1483,2026-07-09,,0.59,
1719,Cotton,0.1432,2026-07-16,,0.562,Healthy
1720,Cotton,0.1169,2026-04-20,,0.574,Healthy
1724,Cotton,0.2023,2026-07-09,,0.571,Sub-optimal Growth
1725,Cotton,0.201,2026-05-24,,0.571,
1726,Cotton,0.1357,2026-04-17,,0.502,Healthy
1728,Cotton,0.2802,2026-05-09,,0.535,
1730,Cotton,0.2538,2026-07-16,,0.571,
1733,Cotton,0.3365,2026-04-17,,0.541,Nutrient Deficit
1735,Cotton,0.1583,2026-07-24,,0.571,Healthy
1736,Cotton,0.103,2026-04-17,,0.503,Healthy
1738,Cotton,0.147,2026-05-15,,0.535,Tissue Damage
1739,Cotton,0.1495,2026-05-26,,0.571,Nutrient Deficit
1742,Cotton,0.2362,2026-07-09,,0.571,
1743,Cotton,0.1847,2026-04-17,,0.619,
1744,Cotton,0.1357,2026-07-24,,0.571,
1745,Cotton,0.152,2026-04-19,,0.519,Healthy
1746,Cotton,0.5064,2026-07-09,,0.59,Healthy
1748,Cotton,0.2199,2026-04-17,,0.535,
1749,Cotton,0.2249,2026-04-20,,0.501,Sub-optimal Growth
1750,Cotton,0.7,2026-07-11,,0.572,Tissue Damage
1751,Cotton,0.1055,2026-04-17,,0.59,Healthy
1757,Cotton,0.2739,2026-06-04,,0.571,
1759,Cotton,0.1068,2026-04-17,,0.624,
1760,Cotton,1.4789,2026-04-25,,0.553,Tissue Damage
1764,Cotton,0.1269,2026-04-17,,0.535,
1771,Cotton,0.3342,2026-04-17,,0.579,
1772,Cotton,0.1973,2026-07-11,,0.571,
1774,Cotton,0.2324,2026-05-03,,0.535,
1776,Cotton,0.2664,2026-07-09,,0.59,Healthy
1780,Cotton,0.284,2026-04-17,,0.618,
1781,Cotton,0.1256,2026-05-11,,0.535,Tissue Damage
1785,Cotton,0.3053,2026-04-17,,0.59,
1788,Cotton,0.2061,2026-05-11,,0.458,Healthy
1790,Cotton,0.2563,2026-05-03,,0.535,
1792,Cotton,0.1696,2026-04-20,,0.625,Healthy
1793,Cotton,0.3028,2026-04-19,,0.535,
1794,Cotton,0.1784,2026-07-06,,0.571,
1800,Cotton,0.1407,2026-07-15,,0.54,
1801,Cotton,0.2262,2026-08-07,,0.535,
1802,Cotton,0.2337,2026-04-17,,0.403,Healthy
1804,Cotton,0.2676,2026-04-17,2026-09-23,0.535,
1806,Cotton,0.1169,2026-04-20,,0.568,
1808,Cotton,0.1671,2026-05-03,,0.59,
1812,Cotton,0.1558,2026-04-17,,0.577,Healthy
1814,Cotton,0.4398,2026-05-11,,0.583,
1820,Cotton,0.3217,2026-07-24,,0.571,Crop Water Deficit
1821,Cotton,0.1847,2026-07-06,,0.571,
1823,Cotton,0.1784,2026-07-09,,0.529,Healthy
1824,Cotton,0.2538,2026-07-11,,0.559,
1825,Cotton,0.4435,2026-08-07,,0.59,
1827,Cotton,0.4611,2026-07-09,,0.588,
1828,Cotton,0.3455,2026-04-17,,0.571,
1833,Cotton,0.1332,2026-04-17,,0.586,
1834,Cotton,0.4008,2026-04-17,,0.635,Healthy
1835,Cotton,0.245,2026-04-20,,0.546,
1837,Cotton,0.1495,2026-04-17,,0.601,
1838,Cotton,0.3719,2026-07-09,,0.55,Healthy
1840,Cotton,0.2161,2026-08-01,,0.59,Healthy
1841,Cotton,0.1219,2026-05-11,,0.59,
1842,Cotton,0.3769,2026-04-26,,0.571,Healthy
1843,Cotton,0.1558,2026-07-16,,0.59,Healthy
1847,Cotton,0.2488,2026-04-19,,0.535,
1849,Cotton,0.1558,2026-04-17,,0.571,Healthy
1851,Cotton,0.4171,2026-05-11,,0.571,
1852,Cotton,0.3091,2026-04-19,,0.601,
1854,Cotton,0.1558,2026-05-11,,0.543,
1857,Cotton,0.3166,2026-05-11,,0.535,
1858,Cotton,0.142,2026-05-19,,0.489,Healthy
1859,Cotton,0.4687,2026-05-06,,0.546,Healthy
1860,Cotton,0.3694,2026-07-09,,0.57,
1861,Cotton,0.1307,2026-04-17,,0.424,Healthy
1863,Cotton,0.201,2026-06-29,,0.548,
1865,Cotton,0.3305,2026-07-15,,0.59,
1868,Cotton,0.1772,2026-04-17,,0.462,Healthy
1872,Cotton,0.3694,2026-05-11,,0.572,
1873,Cotton,0.3129,2026-04-17,,0.467,Tissue Damage
1876,Cotton,0.6345,2026-04-17,,0.433,Healthy
1879,Cotton,0.2526,2026-07-10,,0.59,Healthy
1882,Cotton,0.2237,2026-05-03,,0.514,Healthy
1883,Cotton,0.1206,2026-04-20,,0.563,
1884,Cotton,0.1495,2026-05-19,,0.542,
1885,Cotton,0.3933,2026-04-17,,0.571,
1886,Cotton,0.3443,2026-04-17,,0.59,
1889,Cotton,0.1709,2026-04-17,,0.571,
1891,Cotton,0.2601,2026-04-17,,0.569,
1892,Cotton,0.5428,2026-07-09,,0.551,Healthy
1893,Cotton,0.2287,2026-07-09,,0.547,Healthy
1895,Cotton,0.1834,2026-07-09,,0.539,Healthy
1896,Cotton,0.2576,2026-04-17,,0.59,
1898,Cotton,0.1043,2026-04-17,,0.575,
1899,Cotton,0.3317,2026-07-09,,0.572,
1901,Cotton,0.1608,2026-08-10,,0.572,
1906,Cotton,0.1407,2026-07-09,,0.562,
1916,Cotton,0.5214,2026-07-09,,0.571,Healthy
1917,Cotton,0.1659,2026-07-09,,0.535,
1918,Cotton,0.4197,2026-04-17,,0.472,Healthy
1921,Cotton,0.6873,2026-04-17,,0.542,Healthy
1923,Cotton,0.2576,2026-04-17,,0.481,Healthy
1924,Cotton,0.4322,2026-07-06,,0.535,
1925,Cotton,0.191,2026-07-09,,0.556,Healthy
1926,Cotton,0.2689,2026-06-25,,0.535,
1929,Cotton,0.1545,2026-04-17,,0.549,Crop Water Deficit
1930,Cotton,0.2237,2026-07-15,,0.571,
1933,Cotton,0.2689,2026-04-17,,0.571,
1937,Cotton,0.3757,2026-05-11,,0.535,
1939,Cotton,0.137,2026-07-11,,0.571,
1941,Cotton,0.1973,2026-05-14,,0.571,
1942,Cotton,0.3857,2026-04-21,,0.571,
1946,Cotton,0.3908,2026-07-01,,0.571,
1947,Cotton,0.2123,2026-05-26,,0.571,Nutrient Deficit
1948,Cotton,0.1231,2026-04-17,,0.571,
1949,Cotton,0.4875,2026-04-17,,0.59,
1950,Cotton,0.1772,2026-07-09,,0.535,
1952,Cotton,0.3392,2026-04-21,,0.566,
1954,Cotton,0.1759,2026-05-11,,0.59,
1955,Cotton,0.191,2026-05-26,,0.567,
1960,Cotton,0.1684,2026-07-09,,0.523,Tissue Damage
1962,Cotton,0.1294,2026-07-06,,0.535,
1968,Cotton,0.1319,2026-04-17,,0.59,
1970,Cotton,0.1407,2026-04-20,,0.616,Healthy
1971,Cotton,0.2023,2026-04-20,,0.604,Healthy
1974,Cotton,0.1282,2026-05-14,,0.571,
1976,Cotton,0.1935,2026-07-11,,0.568,Healthy
1977,Cotton,0.2048,2026-07-09,,0.571,
1984,Cotton,0.3003,2026-04-17,,0.535,
1987,Cotton,0.2048,2026-04-19,,0.571,
1991,Cotton,0.1558,2026-07-30,,0.535,Healthy
1993,Cotton,0.1081,2026-05-11,,0.57,
1995,Cotton,0.3744,2026-07-09,,0.571,Healthy
1997,Cotton,0.1734,2026-05-14,,0.548,
2002,Cotton,0.1106,2026-07-06,,0.569,Tissue Damage
2006,Cotton,0.1684,2026-07-09,,0.536,
2009,Cotton,0.333,2026-04-17,,0.53,Healthy
2010,Cotton,0.3342,2026-06-22,,0.569,Tissue Damage
2013,Cotton,0.3016,2026-04-17,,0.623,Healthy
2019,Cotton,0.2174,2026-05-22,,0.545,Tissue Damage
2023,Cotton,0.3945,2026-07-06,,0.541,
2025,Cotton,0.1194,2026-07-30,,0.559,
2027,Cotton,0.397,2026-05-05,,0.429,Nutrient Deficit
2028,Cotton,0.3342,2026-05-03,,0.535,
2033,Cotton,0.1395,2026-05-14,,0.535,
2038,Cotton,0.1822,2026-05-19,,0.571,
2055,Cotton,0.4109,2026-04-17,,0.457,Healthy
2058,Cotton,0.3443,2026-08-03,,0.554,Healthy
2059,Cotton,0.8268,2026-07-11,,0.535,Tissue Damage
2065,Cotton,0.2463,2026-08-07,,0.552,
2069,Cotton,0.2714,2026-05-14,,0.571,
2072,Cotton,0.5064,2026-07-12,,0.559,Crop Water Deficit
2075,Cotton,0.9436,2026-04-17,,0.51,Healthy
2078,Cotton,0.2513,2026-07-01,,0.59,
2084,Cotton,0.4724,2026-07-09,,0.477,Nutrient Deficit
2085,Cotton,0.1206,2026-05-11,,0.535,Nutrient Deficit
2087,Cotton,0.1068,2026-07-15,,0.571,Sub-optimal Growth
2093,Cotton,0.1081,2026-05-11,,0.571,
2101,Cotton,0.1206,2026-04-17,,0.522,Healthy
2102,Cotton,0.3468,2026-04-17,,0.571,
2104,Cotton,0.3543,2026-07-30,,0.571,
2112,Cotton,0.1244,2026-07-01,,0.569,
2113,Cotton,0.4209,2026-07-09,,0.573,
2114,Cotton,0.4448,2026-06-30,,0.535,
2115,Cotton,0.6483,2026-05-03,,0.492,Healthy
2117,Cotton,0.3154,2026-04-17,,0.571,
2118,Cotton,0.2928,2026-04-17,,0.612,
2119,Cotton,0.2601,2026-04-20,,0.587,
2120,Cotton,0.3003,2026-05-03,,0.571,
2131,Cotton,0.1834,2026-04-17,,0.637,Healthy
2133,Cotton,0.2802,2026-05-26,,0.571,
2134,Cotton,0.1231,2026-07-09,,0.571,Healthy
2137,Cotton,0.3292,2026-04-22,,0.56,
2138,Cotton,0.622,2026-04-17,,0.511,Healthy
2139,Cotton,0.1696,2026-06-27,,0.535,Tissue Damage
2142,Cotton,0.5679,2026-04-17,,0.639,Tissue Damage
2143,Cotton,0.1432,2026-05-19,,0.571,Nutrient Deficit
2145,Cotton,0.1596,2026-07-09,,0.576,
2149,Cotton,0.1608,2026-04-20,,0.555,Crop Water Deficit
2152,Cotton,0.2764,2026-04-20,,0.611,
2154,Cotton,0.1784,2026-04-20,,0.604,
2155,Cotton,0.6421,2026-07-09,,0.479,Healthy
2157,Cotton,1.0303,2026-07-06,,0.562,
2161,Cotton,0.3254,2026-06-22,,0.571,
2162,Cotton,0.3782,2026-04-17,,0.504,Healthy
2168,Cotton,0.1508,2026-04-17,,0.489,Nutrient Deficit
2172,Cotton,0.191,2026-04-17,,0.516,Healthy
2173,Cotton,0.2676,2026-05-04,,0.571,
2176,Cotton,0.2287,2026-06-19,,0.552,
2179,Cotton,0.5076,2026-05-26,,0.517,Healthy
2182,Cotton,0.1169,2026-05-14,,0.571,
2185,Cotton,0.293,2026-05-26,,0.531,Healthy
2186,Cotton,0.4812,2026-07-15,,0.571,Healthy
2187,Cotton,1.0806,2026-04-17,,0.649,
2188,Cotton,0.2073,2026-04-17,,0.633,
2189,Cotton,0.1988,2026-05-03,,0.535,
2193,Cotton,0.2953,2026-04-17,,0.571,
2198,Cotton,0.186,2026-04-17,,0.521,Tissue Damage
2200,Cotton,0.1558,2026-04-17,,0.642,
2205,Cotton,0.2425,2026-07-09,,0.535,
2208,Cotton,0.4033,2026-04-17,,0.59,
2209,Cotton,0.152,2026-07-24,,0.571,Healthy
2211,Cotton,0.2576,2026-07-16,,0.584,Healthy
2213,Cotton,1.6058,2026-07-09,,0.535,Healthy
2216,Cotton,0.25,2026-05-07,,0.571,
2219,Cotton,0.1081,2026-05-11,,0.585,
2220,Cotton,0.1671,2026-04-22,,0.571,
2222,Cotton,0.3769,2026-04-17,,0.508,Healthy
2223,Cotton,0.186,2026-07-09,,0.571,Tissue Damage
2225,Cotton,0.1106,2026-04-17,,0.605,
2228,Cotton,0.1533,2026-04-19,,0.483,Healthy
2229,Cotton,0.583,2026-07-01,,0.556,Tissue Damage
2230,Cotton,0.3908,2026-05-20,,0.568,
2232,Cotton,0.6119,2026-04-17,,0.647,
2233,Cotton,0.2463,2026-04-17,,0.58,
2235,Cotton,0.2061,2026-05-11,,0.49,Healthy
2237,Cotton,0.1344,2026-07-09,,0.535,
2241,Cotton,0.1307,2026-04-17,,0.643,
2243,Cotton,0.191,2026-07-16,,0.571,
2244,Cotton,0.1395,2026-07-06,,0.59,
2245,Cotton,0.5491,2026-06-27,,0.571,Healthy
2246,Cotton,1.1358,2026-04-17,,0.633,
2252,Cotton,0.2827,2026-04-17,,0.606,
2253,Cotton,0.284,2026-07-11,,0.59,
2258,Cotton,0.5126,2026-07-09,,0.568,Tissue Damage
2261,Cotton,0.2639,2026-04-17,,0.495,Tissue Damage
2262,Cotton,0.1106,2026-04-19,,0.568,Tissue Damage
2263,Cotton,0.2928,2026-04-20,,0.617,
2264,Cotton,0.142,2026-04-26,,0.571,Nutrient Deficit
2265,Cotton,0.1985,2026-04-17,,0.607,
2267,Cotton,0.6295,2026-04-17,,0.623,
2268,Cotton,0.2613,2026-07-09,,0.59,Healthy
2270,Cotton,0.2073,2026-04-20,,0.626,
2271,Cotton,0.1659,2026-04-17,,0.615,Healthy
2272,Cotton,0.5692,2026-04-17,,0.641,Healthy
2276,Cotton,0.2123,2026-04-22,,0.583,
2277,Cotton,0.1319,2026-07-09,,0.59,
2278,Cotton,0.1608,2026-04-17,,0.639,
2279,Cotton,0.4749,2026-04-20,,0.639,
2281,Cotton,0.1156,2026-04-17,,0.602,Healthy
2282,Cotton,0.137,2026-04-20,,0.65,
2283,Cotton,0.3684,2026-04-22,,0.632,
2285,Cotton,0.3305,2026-04-17,,0.63,
2286,Cotton,0.1131,2026-07-06,,0.571,
2287,Cotton,0.1608,2026-06-27,,0.535,
2288,Cotton,0.5164,2026-07-09,,0.504,Healthy
2289,Cotton,0.348,2026-05-11,,0.549,
2291,Cotton,0.529,2026-04-17,,0.621,Healthy
2293,Cotton,0.1508,2026-04-22,,0.577,Healthy
2294,Cotton,0.2336,2026-07-16,,0.571,
2297,Cotton,0.3066,2026-07-09,,0.566,
2302,Cotton,0.2971,2026-04-20,,0.644,
2304,Cotton,0.2675,2026-08-07,,0.562,
2307,Cotton,0.5667,2026-04-17,,0.6,
2312,Cotton,0.1106,2026-05-03,,0.552,
2313,Cotton,0.2525,2026-07-11,,0.561,Healthy
2315,Cotton,0.7149,2026-07-06,,0.571,Healthy
2317,Cotton,0.1445,2026-08-03,,0.535,Healthy
2320,Cotton,0.1307,2026-04-17,,0.554,
2321,Cotton,0.1998,2026-04-17,,0.581,
2325,Cotton,0.191,2026-05-05,,0.586,Healthy
2329,Cotton,0.3154,2026-04-17,,0.588,
2330,Cotton,0.1068,2026-04-17,,0.553,Tissue Damage
2332,Cotton,0.1721,2026-04-17,,0.428,Tissue Damage
2333,Cotton,0.2475,2026-04-17,,0.575,
2335,Cotton,0.6936,2026-05-11,,0.511,Healthy
2336,Cotton,0.1759,2026-07-09,,0.56,
2337,Cotton,0.2098,2026-07-11,,0.535,
2338,Cotton,0.1684,2026-07-11,,0.564,
2340,Cotton,0.4611,2026-07-06,,0.571,
2341,Cotton,0.5931,2026-07-09,,0.538,Healthy
2344,Cotton,0.554,2026-05-26,,0.59,Healthy
2345,Cotton,0.2588,2026-04-17,,0.593,Healthy
2348,Cotton,0.1734,2026-07-24,,0.558,
2351,Cotton,0.5377,2026-04-25,,0.58,Healthy
2352,Cotton,0.1672,2026-07-09,,0.535,Healthy
2354,Cotton,0.1055,2026-04-20,,0.571,
2355,Cotton,0.3289,2026-04-17,,0.525,Healthy
2356,Cotton,0.185,2026-07-24,,0.571,
2358,Cotton,0.2169,2026-05-26,,0.562,

# Intervals
zone_id,date,kind,stage,tau,cover,water,biomass_kg_ha,uncertainty,stress,stressed_fraction,nitrogen_score,nitrogen_band